Date,sno,name,symbol,high,low,open,Close,volume,marketcap,Daily_Return,MA7,MA30,Volatility
2020-11-03 23:59:59,30,Aave,AAVE,30.06291681,27.53711073,29.73152554,28.04280321,56775011.59564292,316455541.5979732,-0.056798985274201796,30.12133726428571,39.585852088,0.06096046843079413
2020-11-04 23:59:59,31,Aave,AAVE,28.4330692,26.08951824,28.04297069,27.71508436,50464690.5101932,313021334.56848735,-0.01168637983677523,29.45290889857143,38.735713468,0.058211748829338314
2020-11-05 23:59:59,32,Aave,AAVE,32.3030396,25.96615498,27.7150798,30.95562668,85212411.64251429,350205472.9254519,0.11692341534694872,29.71823642142857,38.35418107033333,0.0655963408926061
2020-11-06 23:59:59,33,Aave,AAVE,40.76907497,30.8551283,30.95511845,38.45744081,147304661.0003733,435876358.2493624,0.24234089031855444,30.75246754571429,38.29996324366667,0.10917892513094397
2020-11-07 23:59:59,34,Aave,AAVE,51.42799241,38.45744081,38.45744081,44.60489962,200580053.60534415,507707213.1975601,0.15985095941177363,32.88066495571429,38.32797779566667,0.11106361971853426
2020-11-08 23:59:59,35,Aave,AAVE,54.78636021,42.86425511,44.60489961,53.74937894,174706008.6468665,613014913.9174644,0.20501064676535652,36.17953674285714,38.55903228866667,0.12136281622526925
2020-11-09 23:59:59,36,Aave,AAVE,58.36411095,49.86012895,53.74937384,54.88649964,386011347.7491519,626843328.1215719,0.021155978402454867,39.77310475142857,38.75079168766667,0.1142773955647085
2020-11-10 23:59:59,37,Aave,AAVE,70.30982523,53.17903589,54.88650532,67.00111098,433793206.4967589,780700254.0603075,0.22072115036410822,45.33857729,39.32880452933333,0.09931512252267397
2020-11-11 23:59:59,38,Aave,AAVE,68.77859822,53.71675388,67.00111108,54.69964668,354136841.3455583,638025534.6074319,-0.1836009003443544,49.19351476428572,39.41083634466666,0.1502254609913707
2020-11-12 23:59:59,39,Aave,AAVE,59.61831483,50.52310167,54.69962256,51.63241804,244505561.5470832,603421827.5595561,-0.05607401192083905,52.14734210142857,39.427773052999996,0.1629296091529246
2020-11-13 23:59:59,40,Aave,AAVE,66.12366042,51.1791527,51.63243434,63.39907168,318852071.2420879,743396746.1819518,0.22789274813517912,55.710432225714285,39.830524845333336,0.16071100818821105
2020-11-14 23:59:59,41,Aave,AAVE,68.37704309,57.89727345,63.39907168,67.01611273,243698854.74567783,786814070.8942633,0.05705195603267876,58.912034098571425,40.59708917166667,0.15739316918286334
2020-11-15 23:59:59,42,Aave,AAVE,71.17455519,60.08891509,67.01611268,64.23729542,258275517.09982908,754769242.984942,-0.041464913388747804,60.41030788142857,41.421804210333335,0.1496136967243383
2020-11-16 23:59:59,43,Aave,AAVE,74.0423007,61.20922869,64.23729391,71.76639355,252527244.6746781,843863117.2246927,0.11720758292784317,62.82172129714286,42.43511755366667,0.15249878439599604
2020-11-17 23:59:59,44,Aave,AAVE,79.56212338,68.95632584,73.2530654,78.44328478,310951195.4893777,923384720.0462722,0.09303646037818769,64.45631755428572,43.69166132433333,0.13516106316890986
2020-11-18 23:59:59,45,Aave,AAVE,79.21050482,67.64859817,78.44275754,75.23227405,291394550.7946071,887327038.570436,-0.040934169687125155,67.38955003571428,44.998993213,0.1048369073015187
2020-11-19 23:59:59,46,Aave,AAVE,80.73120239,70.5034588,75.23277433,75.85718351,275294182.28090847,895838057.7896098,0.008306401313679324,70.85023081714286,46.45489874733333,0.09636361076678611
2020-11-20 23:59:59,47,Aave,AAVE,82.17322523,74.68948917,75.85718441,75.06539972,260578165.49533343,888309702.5449907,-0.010437822146344478,72.51684910857144,47.785066854,0.0638348473179489
2020-11-21 23:59:59,48,Aave,AAVE,76.89173349,67.79606731,75.06539968,70.42424685,237984829.20010588,833647262.7056857,-0.06182812437303831,73.00372541142858,48.86482006366667,0.069768614814182
2020-11-22 23:59:59,49,Aave,AAVE,74.6597895,63.29912732,70.4242469,68.42477869,209068686.3780854,811198457.4282078,-0.0283917578026609,73.60193730714286,49.756091441333325,0.06834919069673036
2020-11-23 23:59:59,50,Aave,AAVE,73.77057074,65.73764591,68.42478443,71.83861244,220212896.1199827,852034424.5073861,0.049891776274008315,73.61225429142857,50.835544451333334,0.05418186748511437
2020-11-24 23:59:59,51,Aave,AAVE,74.38013135,66.27866009,71.85567173,66.73867871,193004081.17873785,792032288.2378324,-0.07099154001978392,71.94016771,51.796675049,0.04204437347662973
2020-11-25 23:59:59,52,Aave,AAVE,67.45255654,59.55788547,66.71556336,61.80533895,154888752.21671736,733874939.2967753,-0.07392024917719564,70.02203412428571,52.65572228366667,0.04616007408337523
2020-11-26 23:59:59,53,Aave,AAVE,65.09772852,50.38421932,61.81669679,63.99345248,282502058.4653289,760506808.6507189,0.03540330927996638,68.32721540571428,53.62645300533333,0.05052168621485845
2020-11-27 23:59:59,54,Aave,AAVE,68.66542935,56.65032306,64.00578618,60.73871861,201844805.75607985,722139363.7789521,-0.05086041999401758,66.28054667571429,54.571274195,0.05116638352280332
2020-11-28 23:59:59,55,Aave,AAVE,66.20104081,58.979246,60.74922406,63.94728703,150605043.44521672,760508853.1865296,0.05282575091190256,65.35526670142858,55.732905962000004,0.056821927047053765
2020-11-29 23:59:59,56,Aave,AAVE,69.56144009,62.04129627,63.94875712,68.85312443,161791286.30746406,819035970.4519866,0.0767168964916134,65.41645895,56.98741601166667,0.06513765217710274
2020-11-30 23:59:59,57,Aave,AAVE,79.46509408,68.85644439,68.85644439,76.41953515,288079549.86705697,909941093.0031154,0.10989204604204206,66.07087648000001,58.54448325833333,0.07550212521481628
2020-12-01 23:59:59,58,Aave,AAVE,78.86189102,70.94403421,76.42472206,74.86836458,268968536.9296152,891921515.9888393,-0.020298089578211664,67.23226017571429,60.01818619666666,0.06839023398936894
2020-12-02 23:59:59,59,Aave,AAVE,89.93801025,72.4543506,74.8611544,86.32324982,410949897.5495344,1029525776.0385628,0.15300034005364127,70.73481887142857,61.90457707133334,0.07099206463410872
2020-12-03 23:59:59,60,Aave,AAVE,94.06976137,83.21397488,86.38082732,91.67564477,390370348.3556075,1093762156.9254584,0.06200409462295209,74.68941776999999,64.02567179,0.07073238314698109
2020-12-04 23:59:59,61,Aave,AAVE,92.73576711,80.18386018,91.68452862,81.6418197,344330864.1263516,974344644.041474,-0.10944919007849163,77.67557506857143,65.82322963466666,0.08692560823041338
2020-12-05 23:59:59,62,Aave,AAVE,91.92059987,79.94649654,81.58988912,91.92059987,321071928.23277366,1097810892.1516194,0.12590091950143045,81.67176261714287,67.85539540766666,0.09206417857073014
2020-12-06 23:59:59,63,Aave,AAVE,92.73346394,84.95069045,91.94666405,87.95642649,261643152.7839865,1051203168.980594,-0.04312606081342374,84.40080576857143,69.505361597,0.09865543528273779
2020-12-07 23:59:59,64,Aave,AAVE,94.70016225,86.90958728,87.95654066,90.9602979,299145687.7401658,1087477655.8333125,0.03415181277676771,86.47805759,71.05054153966667,0.09370364393979791
2020-12-08 23:59:59,65,Aave,AAVE,91.09876956,78.20985346,90.95032482,79.94619074,376267574.7847037,956117556.491354,-0.12108697326506879,87.20346132714288,71.92376859966666,0.10901325008192843
2020-12-09 23:59:59,66,Aave,AAVE,86.12544951,75.09706845,79.92281871,82.11372218,357447823.9545926,982942929.9949716,0.027112379213278803,86.60210023571429,72.83134268433334,0.09129833240099576
2020-12-10 23:59:59,67,Aave,AAVE,83.05117464,75.8590325,82.18282288,76.64575648,299977126.99674493,917596922.5460534,-0.06659015758674003,84.45497333714286,73.15283086766667,0.08882548110761461
2020-12-11 23:59:59,68,Aave,AAVE,78.34898133,70.70723382,76.62523273,74.72982934,314260628.56666005,894777251.8971121,-0.024997171767754067,83.46754614285715,73.820503623,0.08027091392887353
2020-12-12 23:59:59,69,Aave,AAVE,79.99834299,74.64877724,74.68163358,77.55488043,228308571.77371025,928807400.9458116,0.03780352658303032,81.41530050857143,74.68458570266667,0.05972471683541628
2020-12-13 23:59:59,70,Aave,AAVE,84.64911414,76.92843287,77.58847305,83.42745942,269018776.9246724,999380433.358915,0.07572159169661186,80.76830521285714,75.35219862733334,0.06901741002903974
2020-12-14 23:59:59,71,Aave,AAVE,90.85681018,79.78814542,83.45492245,86.14011813,309773536.51004165,1032112150.701743,0.032515178202222605,80.07970810285714,75.989665474,0.0688636451866631
2020-12-15 23:59:59,72,Aave,AAVE,88.7453422,84.62607976,86.15458046,87.25809436,288078630.12110555,1045770157.8973216,0.012978577859769969,81.12426576285714,76.75702543866666,0.04637851321706737
2020-12-16 23:59:59,73,Aave,AAVE,89.48084257,80.96540248,87.22501124,87.23005839,368950333.1915783,1045506379.575309,-0.000321299361459082,81.8551709357143,77.27248093333333,0.04619588621333324
2020-12-17 23:59:59,74,Aave,AAVE,89.47445661,83.34012744,87.23298911,85.08382773,361404899.28428113,1019961551.3521832,-0.024604255684483656,83.06060968571428,77.49383236499999,0.036328584364993026
2020-12-18 23:59:59,75,Aave,AAVE,89.77304202,82.84064623,85.09337071,89.77007385,254960310.8344537,1076525471.5506575,0.055077988908433406,85.20921604428572,77.97842569166667,0.03394934713621484
2020-12-19 23:59:59,76,Aave,AAVE,96.06858373,88.96400336,89.83129712,89.01304208,357204770.5456118,1067684335.4318194,-0.008433008212346493,86.84609628,78.41695431066667,0.03594206337220874
2020-12-20 23:59:59,77,Aave,AAVE,89.84421115,84.43455089,88.97544294,85.96947236,280308987.27089214,1031344697.275862,-0.034192402021993806,87.20924098571427,78.78042339866667,0.03148863911673263
2020-12-21 23:59:59,78,Aave,AAVE,87.63337491,77.89985001,85.96909929,81.31193717,215489072.06714505,975723269.0679436,-0.05417661714261102,86.51950084857143,79.14334640933335,0.03552307154854329
2020-12-22 23:59:59,79,Aave,AAVE,85.61030076,76.15550286,81.22589588,84.10955202,244392689.8707386,1009442760.1055428,0.03440595498482568,86.06970908571428,79.666172187,0.03840496346768257
2020-12-23 23:59:59,80,Aave,AAVE,84.26820383,63.67705336,84.10286783,75.21556665,278229984.1943121,902812157.557945,-0.10574286934598276,84.35335312285714,79.77873732733335,0.053963310303907885
2020-12-24 23:59:59,81,Aave,AAVE,80.4439646,71.28719443,75.31676447,80.25657151,289878177.16607887,963409600.2909256,0.06702076557446235,83.66374509142857,80.229333754,0.06293279450404189
2020-12-25 23:59:59,82,Aave,AAVE,81.50417507,75.92070481,80.25962689,79.79518007,172743359.15124372,958013751.496413,-0.005748955273307543,82.23876026571429,80.82899512466666,0.056912194827685336
2020-12-26 23:59:59,83,Aave,AAVE,79.9801058,73.80886762,79.82209367,74.868333,181386506.709466,898979377.0145285,-0.0617436675458084,80.21808754000001,81.191491142,0.05935962347287489
2020-12-27 23:59:59,84,Aave,AAVE,81.52688405,72.60726467,74.87591603,76.96798485,213855387.96349987,924546580.8374872,0.028044591963867882,78.93216075285714,81.73246668333334,0.06198615479231426
2020-12-28 23:59:59,85,Aave,AAVE,85.21962997,76.16170207,76.91174253,81.88362359,226663289.81516027,984160252.9022946,0.06386601844364126,79.01383024142856,82.33034456866667,0.0652049069196323
2020-12-29 23:59:59,86,Aave,AAVE,82.70331397,75.19173596,81.86660056,77.90199883,163464865.4658465,936493441.5518984,-0.04862540988582065,78.12703692857143,82.63197371533333,0.06605898142635631
2020-12-30 23:59:59,87,Aave,AAVE,84.9367816,77.10187416,77.9061581,80.88830364,205643884.0541269,973018228.8535388,0.0383341230629628,78.93742792714285,82.780932665,0.05179400753854909
2020-12-31 23:59:59,88,Aave,AAVE,87.6998754,78.42604748,80.85524534,87.5274822,204471306.25616992,1053210331.410881,0.08207835077798387,79.97612945428571,83.20290325233333,0.05471027913311362
2021-01-01 23:59:59,89,Aave,AAVE,90.34967103,85.12559659,87.54330564,90.34967103,202515778.52722812,1087592822.2173798,0.032243459529103236,81.48391387714285,83.33711729266666,0.054337481218481726
2021-01-02 23:59:59,90,Aave,AAVE,91.77162009,82.78576283,90.38482799,85.71284343,221843920.0913869,1032020483.2481196,-0.05132091292795482,83.03312965285714,83.13835724799999,0.05183592230972767
2021-01-03 23:59:59,91,Aave,AAVE,92.42910958,81.85337486,85.71298896,91.09664966,298884107.1168472,1097389994.1441915,0.06281212960105376,85.05151034000001,83.45351824666666,0.05426994501329555
2021-01-04 23:59:59,92,Aave,AAVE,111.89987356,88.20161002,91.2304962,111.13203789,619262373.131525,1339476346.339024,0.21993551140220946,89.22985524,84.093899514,0.09172905982562284
2021-01-05 23:59:59,93,Aave,AAVE,119.95772976,99.53225695,111.15107382,116.45382785,573305329.4852206,1404342547.249715,0.04788709053700213,94.73725938571428,85.04381289266666,0.08147920552182022
2021-01-06 23:59:59,94,Aave,AAVE,119.8851618,109.85704892,116.5014983,115.00081244,392901334.3399963,1389419870.2162387,-0.012477180328254844,99.61047492857142,85.84516337733334,0.08604421456499253
2021-01-07 23:59:59,95,Aave,AAVE,125.1173602,110.95208917,114.98445149,114.94044678,467716121.23043567,1391148360.454535,-0.0005249150742434594,103.52661272571427,87.01163857866666,0.08727924438294393
2021-01-08 23:59:59,96,Aave,AAVE,117.47867697,100.96896688,114.88431038,111.70277995,501393571.617764,1352221085.0091486,-0.028168211632211726,106.57705685714286,87.99794050433334,0.0913707140595053
2021-01-09 23:59:59,97,Aave,AAVE,118.94047169,106.45365528,111.70262962,117.66696294,337620867.7593545,1424946042.5667017,0.053393326403064156,111.14193107285713,89.36531405299999,0.08328400684491113
2021-01-10 23:59:59,98,Aave,AAVE,134.09957064,113.93094463,117.67017938,126.20067343,512402602.85617554,1528930605.940942,0.07252426914724941,116.15679161142857,91.081008856,0.08363301852410994
2021-01-11 23:59:59,99,Aave,AAVE,126.14799918,95.15299713,126.14799918,115.60195207,610095319.0815829,1402127902.577836,-0.08398308085003059,116.79535078,92.34924457733334,0.05487594554229892
2021-01-12 23:59:59,100,Aave,AAVE,132.76556292,109.99994684,115.43930415,126.05295916,541259410.5638888,1529400855.541191,0.09040510910811994,118.16665525285715,93.77009456866668,0.062046831669591684
2021-01-13 23:59:59,101,Aave,AAVE,147.4692885,120.68138915,126.10963722,147.4692885,540090767.4245772,1799950317.2789989,0.16989945720208044,122.80500897571429,95.81440024766667,0.08397100766039091
2021-01-14 23:59:59,102,Aave,AAVE,153.16103357,139.53990497,147.17831817,147.2622138,467793933.9662259,1797974219.3641748,-0.0014041886423015182,127.42240426428573,97.81453756233334,0.08404075105013128
2021-01-15 23:59:59,103,Aave,AAVE,163.0450734,141.03971198,147.32644957,162.5793443,588428158.2173206,1988529819.238264,0.10401263232944813,134.69048488571428,100.32618042600001,0.08124939068629061
2021-01-16 23:59:59,104,Aave,AAVE,199.42680205,162.69362454,162.69362454,182.93181721,896636347.4520636,2238510904.062113,0.12518486279809649,144.0140354957143,103.58778007533334,0.08503794784987921
2021-01-17 23:59:59,105,Aave,AAVE,196.80113845,175.36021383,182.37267232,186.2648519,631950249.7831974,2280831100.500596,0.018220092823840295,152.59463241999998,106.804272677,0.08702003914892681
2021-01-18 23:59:59,106,Aave,AAVE,197.66044299,181.44289524,186.19019975,197.65705672,495408127.87871057,2421614478.2345505,0.0611613232651973,164.3167902271429,110.42573983166668,0.05999827809192367
2021-01-19 23:59:59,107,Aave,AAVE,206.22215614,185.817549,197.71740787,187.50846827,501884679.0409566,2298257565.7471347,-0.051344427658742475,173.09614867142858,113.81037302866666,0.07764700476757752
2021-01-20 23:59:59,108,Aave,AAVE,198.19886798,173.54166984,187.1289415,193.3356448,629524750.396603,2370382680.144542,0.031076871267537776,179.64848528571432,117.54449661633333,0.06111077628767393
2021-01-21 23:59:59,109,Aave,AAVE,193.4189507,156.91452532,193.32167869,159.99185659,581488355.1622448,1961810810.2293148,-0.17246580807431122,181.46700568428574,120.07390676866666,0.10164633444592196
2021-01-22 23:59:59,110,Aave,AAVE,194.5527093,148.81667161,159.880358,188.27962871,621666180.527225,2309153719.5381904,0.17680757460356933,185.1384748857143,123.84270883733332,0.11494036121670677
2021-01-23 23:59:59,111,Aave,AAVE,216.9347528,184.75756039,187.96894069,210.36705841,564323079.8501879,2581064745.640444,0.11731184011426121,189.05779505714287,128.17972506733332,0.11385225614710741
2021-01-24 23:59:59,112,Aave,AAVE,285.432791,210.61393513,210.61393513,264.85014401,1241700329.7266734,3251074103.9558263,0.2589905758619959,200.28426535857145,134.34822386533335,0.14364388687961885
2021-01-25 23:59:59,113,Aave,AAVE,281.03039845,240.25944335,264.25886028,249.74367963,1081208271.0289412,3066479750.692207,-0.057037780502130375,207.72521148857143,140.1774020863333,0.15030744493238835
2021-01-26 23:59:59,114,Aave,AAVE,281.71788898,241.9276771,249.1981637,272.3576004,1081042277.5403025,3345908147.025244,0.09054852080141917,219.84651607857145,146.69038927133334,0.1448809339938297
2021-01-27 23:59:59,115,Aave,AAVE,290.40235352,257.25419037,272.67511063,282.44377082,1111051096.4694834,3473257310.8946924,0.03703282157423482,232.57624836714285,153.37572751233336,0.14467541230397424
2021-01-28 23:59:59,116,Aave,AAVE,305.43170394,274.74627799,282.18623189,297.41404299,874888871.6,3658821334.13,0.053002663597564226,252.20798928142855,160.692795651,0.10191750685832827
2021-01-29 23:59:59,117,Aave,AAVE,306.1231135,272.62314095,292.26857084,286.89914533,1050249644.78,3530265420.3,-0.03535440880427265,266.29649165571425,167.55982370733332,0.10559280928256295
2021-01-30 23:59:59,118,Aave,AAVE,316.14377732,283.0867247,286.97316007,313.08732974,805008933.69,3854426676.67,0.09128010604520109,280.9708161314286,175.078485292,0.10394467354307739
2021-01-31 23:59:59,119,Aave,AAVE,317.18857817,293.55978026,313.89264347,300.06256418,539565884.95,3697226540.33,-0.04160106246016493,286.00116187,182.06891506366668,0.06354816232621101
2021-02-01 23:59:59,120,Aave,AAVE,306.99053591,285.56610689,300.03660994,295.66131353,639510002.09,3643317247.54,-0.014667776575287172,292.56082385571426,189.06719740033336,0.05666651549987367
2021-02-02 23:59:59,121,Aave,AAVE,303.16399672,285.17213889,295.74798767,301.11819132,752215469.92,3711117723.85,0.01845651608879262,296.66947970142854,196.06791545566665,0.04895279528898924
2021-02-03 23:59:59,122,Aave,AAVE,367.7925718,300.02753677,301.09644895,365.5988563,1083942424.89,4506679200.81,0.2141373946799383,308.54877762714284,204.550142736,0.09028502637721034
2021-02-04 23:59:59,123,Aave,AAVE,506.81430279,366.33473688,366.33473688,466.4799454,2838572595.82,5754281218.82,0.27593382025577196,332.70104940000004,216.21767998766666,0.127128308941709
2021-02-05 23:59:59,124,Aave,AAVE,534.40920329,463.88750013,465.20695854,506.77264181,1511505451.24,6253059939.33,0.08637605283427474,364.1115488971428,229.27674096666667,0.11789041669454393
2021-02-06 23:59:59,125,Aave,AAVE,509.1511721,443.63367911,506.38615051,472.32853192,1485662684.03,5832334571.25,-0.06796757963685385,386.8602920657143,241.189677138,0.13210748294899155
2021-02-07 23:59:59,126,Aave,AAVE,479.95690274,399.00333725,472.60146377,461.5083374,1373619547.81,5700023386.8,-0.022908195861080505,409.9239739542857,252.84986238633334,0.12970787210606397
2021-02-08 23:59:59,127,Aave,AAVE,529.13674002,458.58015296,461.79613607,490.34201617,1711240052.77,6057557720.36,0.06247704848072799,437.73550290285715,265.27236416066665,0.12449676512057059
2021-02-09 23:59:59,128,Aave,AAVE,505.94283055,475.6519234,490.01141316,488.00188063,1165494591.8,6030579943.23,-0.004772455679565302,464.43317280428573,277.3324044006667,0.12672905841039392
2021-02-10 23:59:59,129,Aave,AAVE,559.12294431,486.48228999,487.6995549,517.96825685,1880615394.0,6404109768.83,0.0614062720031201,486.20023002571435,290.74461456,0.11154387993722616
2021-02-11 23:59:59,130,Aave,AAVE,532.93623082,504.78166007,516.32640227,518.07254013,836675655.61,6409555495.12,0.00020133141099076823,493.5706007014286,303.81193392566666,0.05540607572511943
2021-02-12 23:59:59,131,Aave,AAVE,542.94300205,502.3366133,517.90625643,529.89617535,822757465.38,6558682803.75,0.022822354601216954,496.8739626357143,316.55949682066665,0.04652385438954531
2021-02-13 23:59:59,132,Aave,AAVE,542.13536671,491.64641471,529.82971664,494.55965157,783556570.31,6124959579.25,-0.06668574982006614,500.04983687142857,328.1360780796667,0.04617936754183434
2021-02-14 23:59:59,133,Aave,AAVE,508.7522981,462.43832149,494.71378746,471.6146565,685293985.66,5841937064.85,-0.04639479787152101,501.4935967428572,338.43725515299997,0.04949185848139798
2021-02-15 23:59:59,134,Aave,AAVE,494.31787426,401.60338895,470.92257667,455.61472533,1153106183.3,5643744346.22,-0.03392585652180646,496.5325551942857,347.52668542366666,0.04362120114178272
2021-02-16 23:59:59,135,Aave,AAVE,477.64167339,423.50151899,454.71170674,431.5302847,927532561.85,5345408014.9,-0.05286141841125913,488.4651843471429,355.70219985033333,0.046426806834957174
2021-02-17 23:59:59,136,Aave,AAVE,455.5505286,401.53671938,431.41689139,449.60051733,1095918427.91,5569245761.06,0.04187477280432916,478.6983644157143,364.100315204,0.04126493046183472
2021-02-18 23:59:59,137,Aave,AAVE,476.6646223,435.79495161,449.05388169,440.5109236,577451189.48,5456652070.81,-0.020217044642162563,467.61813348285716,372.5337303816667,0.04037018182912547
2021-02-19 23:59:59,138,Aave,AAVE,444.4219644,407.32203736,440.50128142,422.2425337,667057562.2,5230359731.15,-0.04147091234583855,452.2390418185714,380.1639600116667,0.03543203025449923
2021-02-20 23:59:59,139,Aave,AAVE,489.74754408,409.89587291,421.83145004,442.02387644,1512350119.37,5482898402.56,0.04684829490449771,444.7339310857143,389.56502734,0.04196228181400915
2021-02-21 23:59:59,140,Aave,AAVE,451.37066675,427.24958639,441.2820991,435.85377271,555957721.72,5407627356.65,-0.013958756661954896,439.6252334014286,397.81749880666666,0.039666903266948765
2021-02-22 23:59:59,141,Aave,AAVE,444.67329695,361.83871694,435.87840115,400.88243658,924414231.89,4974530206.13,-0.0802363965156464,431.8063350085714,404.1680114123333,0.047339204759230626
2021-02-23 23:59:59,142,Aave,AAVE,401.64885291,288.71452331,400.78497558,359.49751981,1179704137.16,4461394530.87,-0.10323454707335689,421.51594002428567,407.322923939,0.05659676561989897
2021-02-24 23:59:59,143,Aave,AAVE,402.91031358,344.93886044,360.21098531,367.23089964,763533885.8,4557746908.16,0.02151163611389384,409.7488517828571,411.239164606,0.05303743650144829
2021-02-25 23:59:59,144,Aave,AAVE,384.70787702,337.50146351,367.21921716,337.50146351,450643581.02,4189244710.34,-0.08095570432429311,395.0332146271429,413.4106267096667,0.05654717464582604
2021-02-26 23:59:59,145,Aave,AAVE,350.86544151,305.15356187,338.27717556,323.10817521,549178299.16,4011295609.12,-0.04264659521861158,380.8711634142857,414.766106856,0.05656812385066235
2021-02-27 23:59:59,146,Aave,AAVE,349.17849378,323.37611629,323.37611629,334.36448095,400236069.04,4151558855.57,0.03483757640203344,365.4912497728571,415.9977881213334,0.05374464870994876
2021-02-28 23:59:59,147,Aave,AAVE,354.83655641,302.17219422,334.36457338,344.87000758,595665678.7,4282630707.73,0.031419385815597334,352.49356903999995,417.9301501963334,0.05952695111914191
2021-03-01 23:59:59,148,Aave,AAVE,386.42742529,344.80371467,345.18928444,385.41968876,743260217.03,4787397636.72,0.117579610545268,350.28460506571435,420.34122883033336,0.07686840894098233
2021-03-02 23:59:59,149,Aave,AAVE,411.88731495,379.03467694,385.58918892,390.92626057,731511612.1,4855921767.78,0.01428720942543471,354.7744251742857,423.37001871,0.06291230980883733
2021-03-03 23:59:59,150,Aave,AAVE,413.63810676,385.87113286,390.91525628,396.30827717,428274369.61,4923743148.88,0.01376734474719754,358.92833625,426.72491749799997,0.06282046117578516
2021-03-04 23:59:59,151,Aave,AAVE,406.01219067,367.78668752,396.01716671,374.56693032,395856298.25,4653772702.49,-0.05485968399462393,364.22340293714285,429.173208798,0.056831113646687845
2021-03-05 23:59:59,152,Aave,AAVE,374.36337845,341.83354044,374.32396675,367.12553589,334832774.85,4562190922.56,-0.019866661543352704,370.51159731999996,429.2240981176667,0.05344154601995741
2021-03-06 23:59:59,153,Aave,AAVE,382.45293835,353.91752676,366.81600562,382.01959117,259155959.28,4747498176.4,0.04056937974606778,377.3194702085715,426.4087529766667,0.05375699723027343
2021-03-07 23:59:59,154,Aave,AAVE,407.70725033,378.1496075,382.11859286,407.15247143,587694984.87,5060997597.21,0.06578950619528756,386.2169650442857,423.08808063066664,0.05643279567854409
2021-03-08 23:59:59,155,Aave,AAVE,431.08899622,388.79808573,407.2454357,430.6251097,578702449.84,5353291199.64,0.057650732629865864,392.6748823214285,421.6979665566667,0.043067375822156
2021-03-09 23:59:59,156,Aave,AAVE,441.17531557,418.16656411,430.78207243,439.32953693,453095765.28,5461756100.94,0.020213468824574754,399.5896360871429,420.95867320766666,0.04306885477177785
2021-03-10 23:59:59,157,Aave,AAVE,450.25979286,402.44024922,439.13217789,408.26351907,530439445.71,5076097240.69,-0.07071233606801608,401.2975277871429,418.22272330433333,0.05461370190593651
2021-03-11 23:59:59,158,Aave,AAVE,411.65275634,389.26978879,407.40525228,403.50932755,396079584.32,5017241956.56,-0.01164490898140913,405.4321559628571,415.4063048683333,0.04877891514320845
2021-03-12 23:59:59,159,Aave,AAVE,406.41473674,362.88351372,403.58986342,374.71471052,427189383.68,4659635360.2,-0.0713604743782088,406.51632376714286,410.63118665733333,0.0574478619194245
2021-03-13 23:59:59,160,Aave,AAVE,415.92332152,361.53280979,374.79467525,405.39340121,542535232.39,5041674558.43,0.08187212785808828,409.85543948714286,406.87521535999997,0.0635806863479219
2021-03-14 23:59:59,161,Aave,AAVE,408.3292567,377.94880782,405.36330369,381.08260484,381409955.94,4739457975.83,-0.05996840673143233,406.13117283142856,401.9147630096667,0.06303941211097115
2021-03-15 23:59:59,162,Aave,AAVE,389.06925577,358.23900347,380.70094392,369.02280205,352800736.83,4590010352.57,-0.031646164471515026,397.33084316714286,397.730201359,0.056282177813108535
2021-03-16 23:59:59,163,Aave,AAVE,375.31807796,352.73665397,369.00102348,371.21927385,286266766.78,4617763704.8,0.0059521302960090505,387.60080558428575,394.383688604,0.05480299097212042
2021-03-17 23:59:59,164,Aave,AAVE,379.86463919,359.72752146,371.33082243,379.1245646,280131587.99,4716940794.82,0.021295474957462313,383.4380978028571,391.83401657966664,0.052288756228628296
2021-03-18 23:59:59,165,Aave,AAVE,380.44649791,362.47976039,378.93109451,363.10073433,219482140.04,4517656907.39,-0.04226534433849227,377.66544162857144,389.55303156733333,0.05377182292452791
2021-03-19 23:59:59,166,Aave,AAVE,377.26572726,356.67906702,363.01201574,369.37732538,235741846.52,4595860814.8,0.017286087458847188,376.90295803714287,386.87892516899996,0.048074331010616776
2021-03-20 23:59:59,167,Aave,AAVE,395.18907025,368.089939,369.18189654,372.47784121,260796699.2,4635091730.5,0.008393898642290232,372.20073518,384.61115575599996,0.03241927832331743
2021-03-21 23:59:59,168,Aave,AAVE,377.24518434,363.60498856,372.51412826,370.15155996,174671074.92,4606283845.85,-0.006245421855010425,370.63915734,382.8747899646667,0.02442374614603503
2021-03-22 23:59:59,169,Aave,AAVE,373.76514507,342.27469804,370.24478625,344.32445841,229155373.86,4284996869.58,-0.06977439606844016,367.1108225342858,379.618142697,0.03401419345722991
2021-03-23 23:59:59,170,Aave,AAVE,351.24670306,335.82679105,344.17108998,337.71448352,221157577.38,4203178634.82,-0.019196936867404424,362.32442391571425,376.3468330573333,0.0334537232696072
2021-03-24 23:59:59,171,Aave,AAVE,352.32203663,313.80916016,337.49567218,322.38054762,246028275.93,4015946929.12,-0.04540502894686149,354.2181357757143,373.7301034253333,0.0315242042579554
2021-03-25 23:59:59,172,Aave,AAVE,339.01341722,316.22446194,322.12586536,328.21590435,318638404.99,4088868432.99,0.01810083385328287,349.23458863571426,372.68738291000005,0.03340353854669715
2021-03-26 23:59:59,173,Aave,AAVE,357.86584949,327.54324658,328.14597612,355.60626394,322533721.51,4430363919.94,0.08345226184040033,347.2672941442857,372.2998950533333,0.04927062684820966
2021-03-27 23:59:59,174,Aave,AAVE,358.32341962,339.99769624,355.47236672,348.59236933,201495262.87,4343943724.09,-0.019723765639807267,343.85508387571423,372.669591914,0.0492015659863793
2021-03-28 23:59:59,175,Aave,AAVE,352.82049859,336.06823141,348.46568151,346.18989982,197560213.16,4314382589.25,-0.006891916523065533,340.43198957000004,373.4389827343333,0.049197456519376556
2021-03-29 23:59:59,176,Aave,AAVE,365.13390152,343.68119279,345.95870899,360.31627991,273206477.35,4490531522.37,0.04080529240554087,342.71653549857143,374.30404269966664,0.043684534870297304
2021-03-30 23:59:59,177,Aave,AAVE,377.86398082,354.83564279,360.24283563,373.64082623,324113326.93,4656864364.11,0.03698013956884827,347.8488701714286,375.263069988,0.04316125372161425
2021-03-31 23:59:59,178,Aave,AAVE,385.78006545,361.11462346,373.82708492,377.00814257,460781142.04,4698903088.6,0.00901217453664227,355.6528123071429,374.982685115,0.034412641660723976
2021-04-01 23:59:59,179,Aave,AAVE,385.29872156,369.99531813,377.18368656,377.61179926,342371946.85,4706655285.76,0.0016011767965671275,362.7093687228571,374.538869738,0.03536443840925253
2021-04-02 23:59:59,180,Aave,AAVE,408.47991277,374.2909219,377.51466105,406.69230308,480081712.84,5069254861.38,0.07701163967065816,370.0073743142857,374.885003935,0.033495538516303026
2021-04-03 23:59:59,181,Aave,AAVE,411.37707798,385.41589822,406.88359101,385.42057192,395544800.58,4806154259.95,-0.052304238361294164,375.26854611285717,375.24679198833326,0.041268978459253695
2021-04-04 23:59:59,182,Aave,AAVE,409.57952347,382.7888631,385.52697083,404.30973507,330959728.89,5042122934.79,0.04900922401703234,383.57137972000004,376.4862652943333,0.04169398272128692
2021-04-05 23:59:59,183,Aave,AAVE,407.32930559,388.30035121,404.39295268,397.92455936,306918909.35,4962595819.1,-0.015792782503479708,388.94399107,377.01643090066665,0.043163637373010676
2021-04-06 23:59:59,184,Aave,AAVE,414.46970107,381.05020712,398.22538266,383.98994248,429756591.48,4788997765.1,-0.03501823788511982,390.42243624857144,376.24434660233334,0.04558398683815077
2021-04-07 23:59:59,185,Aave,AAVE,387.92493727,343.95766357,384.01465896,350.995831,479760253.88,4378934904.69,-0.08592441579825627,386.70639173857137,373.5900373123333,0.05684894148044784
2021-04-08 23:59:59,186,Aave,AAVE,377.93119268,349.1247067,351.38767647,377.93119268,261822849.23,4715193942.12,0.07673983364206949,386.75201937,371.54342583733336,0.06556069844818348
2021-04-09 23:59:59,187,Aave,AAVE,379.18028123,357.89147794,377.93218799,359.48357425,187074856.57,4485870791.61,-0.04881210862533869,380.0079152514285,369.9174276766667,0.05841327884887559
2021-04-10 23:59:59,188,Aave,AAVE,374.97055281,357.08281899,359.37321874,367.26334069,278406911.91,4583145058.71,0.02164150742139226,377.4140250757142,368.7092281146667,0.05743486674211038
2021-04-11 23:59:59,189,Aave,AAVE,373.37874338,360.57380732,367.48909975,373.37874338,200658255.12,4660263686.21,0.016651274473816535,372.9953119771429,368.66469587666666,0.053487695673259866
2021-04-12 23:59:59,190,Aave,AAVE,417.72217992,365.38837572,372.45602284,396.53613746,787040258.53,4950915627.32,0.06202119025407926,372.7969659914285,368.3694537516667,0.05981296291227132
2021-04-13 23:59:59,191,Aave,AAVE,419.78904302,385.24825181,397.28498679,398.28391889,649056082.97,4973077447.0,0.00440762206742451,374.83896262142855,368.9428308866667,0.05766919472036093
2021-04-14 23:59:59,192,Aave,AAVE,430.78858392,387.57605277,398.21019792,430.41622827,709472129.75,5374639326.94,0.08067689368315789,386.18473366,370.9892784273334,0.046351747262365794
2021-04-15 23:59:59,193,Aave,AAVE,485.54265776,424.28299663,428.93606255,466.16483587,1064575198.24,5821565277.9,0.08305590089780468,398.78953983,374.1541304946667,0.047450890413465015
2021-04-16 23:59:59,194,Aave,AAVE,469.4293897,421.34026746,466.27193718,442.19440065,673556018.02,5522217402.2,-0.0514205134655088,410.60537217285713,376.25645836300004,0.04819005356698318
2021-04-17 23:59:59,195,Aave,AAVE,460.75462549,422.82448165,441.31395406,430.1746817,369355828.08,5372112604.27,-0.02718197908506237,419.59270660285716,378.49225660866665,0.05305843974302592
2021-04-18 23:59:59,196,Aave,AAVE,432.98090609,292.77538936,430.18149922,382.07509899,1020175372.3,4771434820.21,-0.1118140717159738,420.8350431185714,378.915515729,0.07408637743716147
2021-04-19 23:59:59,197,Aave,AAVE,397.55232068,344.34172305,381.82247687,346.81257565,492796753.72,4331068954.6,-0.09229212642544637,413.73167714571434,378.060006877,0.07741069730863323
2021-04-20 23:59:59,198,Aave,AAVE,371.56151091,316.48934559,346.11530829,361.60819853,549743935.6,4515839829.21,0.042661725435618525,408.4922885228571,377.7752281626666,0.08041376347980454
2021-04-21 23:59:59,199,Aave,AAVE,384.65097732,344.40242309,361.58153387,354.13844062,457471541.78,4422555909.18,-0.020657047988308475,397.5954617157143,378.102360903,0.069569826009124
2021-04-22 23:59:59,200,Aave,AAVE,413.36092629,346.32577026,353.46287082,362.2285832,934747605.16,4523527204.3,0.022844576165853114,382.74742562,378.919497559,0.056405258311147
2021-04-23 23:59:59,201,Aave,AAVE,372.51797583,315.04539195,361.73020401,345.65529566,871499452.91,4316559227.28,-0.04575367132430097,368.9561249071429,379.6953224936667,0.056153329257604474
2021-04-24 23:59:59,202,Aave,AAVE,345.91763301,315.48456743,345.76651771,317.49933002,344313634.66,3964946233.63,-0.08145677498225079,352.85964609571425,379.3381033493333,0.058870015570788324
2021-04-25 23:59:59,203,Aave,AAVE,352.25897298,316.13366701,317.67093627,346.99324847,384827300.79,4333267643.55,0.09289442736191633,347.84795316428574,379.0510028336667,0.06793317312195607
2021-04-26 23:59:59,204,Aave,AAVE,407.97280455,345.79475744,347.64307039,405.15672313,778864321.5,5059615789.74,0.16762134397847972,356.1828313757143,380.93648129366665,0.08533205217952658
2021-04-27 23:59:59,205,Aave,AAVE,449.01496583,394.69529355,405.53764826,440.22324594,829037372.14,5497528139.23,0.08655051442586692,367.4135524342857,384.07092616433334,0.08836586031650333
2021-04-28 23:59:59,206,Aave,AAVE,486.03671396,424.17780399,440.6042979,460.35151028,1106424533.69,5748890829.87,0.045722856586140725,382.58684810000005,387.40543384333336,0.08531739011535348
2021-04-29 23:59:59,207,Aave,AAVE,462.82557118,425.80131733,461.08155056,438.70997496,602169994.59,5478630341.58,-0.04701089240879641,393.51276120857136,389.5744054676667,0.09167145540782169
2021-04-30 23:59:59,208,Aave,AAVE,452.47550214,430.46611758,439.29815513,444.72879905,549295851.03,5553793693.58,0.013719369135722914,407.6661188357143,391.8317606836667,0.0859238967378673
2021-05-01 23:59:59,209,Aave,AAVE,510.98177585,436.83532029,444.86552929,503.86568384,876659862.61,6292297830.28,0.1329729149907184,434.2898836671429,396.04022350299994,0.07273370982061934
2021-05-02 23:59:59,210,Aave,AAVE,506.53124535,474.43864308,503.71184434,483.41444421,528803162.23,6036901809.32,-0.040588673303050715,453.77862591571426,398.59762820733334,0.08265962865629228
2021-05-03 23:59:59,211,Aave,AAVE,532.78855889,480.5125322,482.06645108,519.06942055,800165583.14,6482162793.55,0.07375653906715107,470.05186840428576,403.05258982833334,0.06671787628879562
2021-05-04 23:59:59,212,Aave,AAVE,520.52138233,449.97582575,519.34329602,453.35241136,946515500.83,5661485760.68,-0.12660543385577794,471.9274634642857,404.68734570466665,0.08650744990222596
2021-05-05 23:59:59,213,Aave,AAVE,483.67771305,445.15946002,452.65705583,480.03080165,598275754.56,5994646725.41,0.05884691383898932,474.7387908028571,407.4242204476667,0.08761102108413368
2021-05-06 23:59:59,214,Aave,AAVE,480.68362397,442.38935824,479.77123474,452.40875669,535837075.35,5649701357.76,-0.05754223450881757,476.69575962142864,409.704847588,0.08882120783302189
2021-05-07 23:59:59,215,Aave,AAVE,466.90629457,434.80659135,452.41106524,445.22238064,444097912.4,5559957563.2,-0.015884697065941866,476.76627127714283,412.845732576,0.0891960613463144
2021-05-08 23:59:59,216,Aave,AAVE,475.35474825,441.04545977,445.22404052,466.31755388,409427672.08,5823395056.67,0.047381205791308334,471.40225271142856,415.791944616,0.07287262938474305
2021-05-09 23:59:59,217,Aave,AAVE,468.57670616,441.89136052,466.57434844,459.58723356,356162916.89,5739346507.09,-0.014432912216150284,467.9983654757143,419.12873325966666,0.07162261915718263
2021-05-10 23:59:59,218,Aave,AAVE,482.42247492,403.21347827,459.29901356,433.0535672,555568844.41,5407992861.34,-0.05773368888963282,455.7103864257143,421.32174081,0.0644290373111172
2021-05-11 23:59:59,219,Aave,AAVE,458.75110371,417.65671141,433.15890771,457.17806873,471124523.27,5709260745.88,0.05570789241151419,456.2569089071429,424.115051655,0.05144264369827871
2021-05-12 23:59:59,220,Aave,AAVE,595.82513671,456.46180223,457.40104388,490.57903135,2700355688.72,6251969445.3,0.07305897833810104,457.7637988642858,427.2498147846666,0.05424867710066908
2021-05-13 23:59:59,221,Aave,AAVE,619.30596592,468.49869127,509.08943574,508.62279907,2672357693.16,6482732644.44,0.03678055230030175,465.7943763471429,430.92777745733326,0.04761795654286414
2021-05-14 23:59:59,222,Aave,AAVE,631.5928899,507.38728823,508.9166087,594.55687732,1517159070.69,7580234638.55,0.16895443618950567,487.12787587285715,436.39913242566666,0.07120673055784645
2021-05-15 23:59:59,223,Aave,AAVE,610.31494186,511.89910144,594.4355863,516.16936703,1073639999.02,6581333238.58,-0.13184190323949552,494.2495634657143,438.065950131,0.09732293689061924
2021-05-16 23:59:59,224,Aave,AAVE,562.17659909,479.44748903,515.7094331,526.2147085,903490585.83,6709766021.94,0.01946132822216895,503.7677741714286,440.86662705933327,0.09624026783832812
2021-05-17 23:59:59,225,Aave,AAVE,593.00508265,473.22048208,527.26450022,574.25943504,1714951194.75,7323113977.48,0.09130251542560197,523.9400410057143,445.6694521706667,0.09165431187687198
2021-05-18 23:59:59,226,Aave,AAVE,666.86497857,565.74988663,572.2180282,632.26648755,2046638929.59,8063209781.54,0.10101192765942013,548.9526722657143,454.0091651226667,0.09412133020995632
2021-05-19 23:59:59,227,Aave,AAVE,649.05066157,354.45831882,629.2316655,418.369321,2596468764.84,5336170728.82,-0.3383022361011738,538.6369993585714,456.3943899676667,0.17332611355985514
2021-05-20 23:59:59,228,Aave,AAVE,507.98340686,355.43206147,412.87683765,468.81267809,1490116640.59,5980158843.65,0.12057135778844552,532.9498392185714,459.9678726196667,0.17967255530447213
2021-05-21 23:59:59,229,Aave,AAVE,494.54843714,310.49052618,467.5263569,373.41851052,1224012357.59,4764076256.81,-0.2034803494620655,501.35864396142864,460.61054161633336,0.1779756969866614
2021-05-22 23:59:59,230,Aave,AAVE,381.62825652,311.79975399,373.8030008,334.48069393,880707840.82,4267652851.7,-0.10427393257976836,475.40311923285714,459.685611974,0.1761260817726303
2021-05-23 23:59:59,231,Aave,AAVE,351.11141075,210.04829176,335.38838929,295.08922914,1187561364.15,3765386794.92,-0.11776902375789688,442.38519361,458.0000764233333,0.17541509877918904
2021-05-24 23:59:59,232,Aave,AAVE,397.06660616,289.40548358,294.31758896,385.57160812,1188069866.89,4920347743.33,0.3066271827124949,415.42978976428566,460.26915235999996,0.22038818215432954
2021-05-25 23:59:59,233,Aave,AAVE,403.74877236,323.66280703,386.97401273,371.38023972,856641755.42,4739642739.47,-0.03680605133037507,378.1603257885714,461.0820520683333,0.21236206079285327
2021-05-26 23:59:59,234,Aave,AAVE,415.08126945,359.45637637,370.81038011,414.93294547,815698595.64,5295741939.71,0.11727254466429415,377.6694149985714,461.4079261463333,0.17741109062004026
2021-05-27 23:59:59,235,Aave,AAVE,415.19800843,365.75705,415.19800843,369.97811139,627234774.78,4722695575.04,-0.10834240705827558,363.5501911842857,459.0664216613333,0.17508819544814344
2021-05-28 23:59:59,236,Aave,AAVE,376.53136082,305.07642629,371.60763773,320.3811519,691594902.23,4094856434.92,-0.1340537668665458,355.9734256671428,454.40074304866664,0.16468365271760538
2021-05-29 23:59:59,237,Aave,AAVE,335.22437432,280.93323497,319.96143011,297.89964198,461875865.15,3807889683.09,-0.07017113767983807,350.74756110285716,449.7070652826667,0.16194785833261915
2021-05-30 23:59:59,238,Aave,AAVE,338.76706247,283.18673565,297.75044967,325.1483991,404946833.61,4156839152.74,0.09146958666647009,355.04172824,445.721051951,0.15715732475957714
2021-05-31 23:59:59,239,Aave,AAVE,385.14911323,305.06582711,324.5817947,383.08341024,685229369.02,4897954880.81,0.17818021340520862,354.6862714,441.69497616433335,0.12223847526952497
2021-06-01 23:59:59,240,Aave,AAVE,392.7743238,361.50825713,382.43173358,372.8724613,599657382.37,4767779049.31,-0.026654636215133642,354.8994459114286,438.0102434006667,0.12171388882774789
2021-06-02 23:59:59,241,Aave,AAVE,401.71075971,361.93325303,372.90909735,384.40269091,410524214.05,4915404364.2,0.03092271703252214,350.53798097428574,433.52135241266666,0.11269474921830773
2021-06-03 23:59:59,242,Aave,AAVE,408.96726025,377.89789682,384.44263126,397.49794841,357572383.78,5082959562.31,0.03406650840294456,354.4693862628572,431.65953698100003,0.10352011187973666
2021-06-04 23:59:59,243,Aave,AAVE,398.5462218,347.69042496,398.5462218,373.88263034,431321243.76,4781530086.14,-0.05940991183592714,362.1124546114285,428.12126460400003,0.08836363252074464
2021-06-05 23:59:59,244,Aave,AAVE,391.55844855,347.72117872,373.3978012,356.66771648,357996565.63,4561449065.93,-0.04604363097677244,370.5078938257143,424.92989659700004,0.08439176285610425
2021-06-06 23:59:59,245,Aave,AAVE,368.26187716,354.70910508,356.796678,365.66003352,204074691.8,4676895920.27,0.025212029641332068,376.29527017142857,422.2778183596667,0.07979941926439074
2021-06-07 23:59:59,246,Aave,AAVE,387.64553781,332.98570349,365.47444009,333.88496551,357944925.2,4270986921.64,-0.0868978425236131,369.2669209242857,417.8633987473333,0.048808385033485384
2021-06-08 23:59:59,247,Aave,AAVE,338.99411651,297.53350429,334.9433387,331.01690893,406665178.62,4234703558.26,-0.008589954254511256,363.28755630000006,413.5777212596667,0.04877679488459498
2021-06-09 23:59:59,248,Aave,AAVE,342.55435833,306.53779125,330.00978857,338.5967323,372168431.57,4332127856.58,0.02289859872869182,356.7438479271428,410.4291600963333,0.047574685750693485
2021-06-10 23:59:59,249,Aave,AAVE,339.40613288,305.41262114,339.01024406,310.14837954,244954071.63,3968314481.01,-0.08401839133755862,344.2653380885714,405.52817045666666,0.04739854089706912
2021-06-11 23:59:59,250,Aave,AAVE,315.07769537,281.05563722,310.25112221,285.08174445,250130334.3,3647643402.16,-0.08082142852778362,331.5794972471428,398.67826089333334,0.04994640466750238
2021-06-12 23:59:59,251,Aave,AAVE,288.95290177,266.50943649,285.43814666,278.51403806,251587257.99,3563847177.88,-0.02303797601165536,320.4146860442857,391.00796885966673,0.05000090384370129
2021-06-13 23:59:59,252,Aave,AAVE,317.6083654,267.80128318,278.7386895,317.12916788,327631351.91,4058132278.98,0.13864697840358464,313.48170523857146,381.760378545,0.08100851593818681
2021-06-14 23:59:59,253,Aave,AAVE,336.04014978,309.09031964,316.28481157,317.90136333,335306770.96,4068123033.37,0.002434955621275936,311.19833349857146,375.15144508833333,0.07505355234029165
2021-06-15 23:59:59,254,Aave,AAVE,326.90090525,308.36694407,319.40059592,319.75729172,352145487.31,4091958380.19,0.005838063638857305,309.58981675428566,368.2695311956667,0.0751251106506285
2021-06-16 23:59:59,255,Aave,AAVE,313.73855321,287.53115884,311.92821301,290.26850308,192278220.23,3714910783.79,-0.09222241182172097,302.68578400857143,358.80316679699996,0.08098977195590296
2021-06-17 23:59:59,256,Aave,AAVE,305.38852265,285.4597322,290.2963901,292.91462583,146151226.31,3748867972.37,0.009116120839575359,300.22381919285715,347.491438073,0.07603160656113482
2021-06-18 23:59:59,257,Aave,AAVE,293.7846042,253.6112191,293.53391972,264.35209385,229941834.93,3383440911.19,-0.09751145713214371,297.2624405357143,342.3575305013334,0.07898360291591046
2021-06-19 23:59:59,258,Aave,AAVE,270.24330455,255.16786075,265.40468183,256.35608875,148810608.56,3281227060.66,-0.03024755727691386,294.0970192057143,335.27564419,0.0792573122954693
2021-06-20 23:59:59,259,Aave,AAVE,277.1895489,242.62119102,255.23715327,273.49936021,242023664.13,3500727704.2,0.0668728858502683,287.86418953857145,331.94500584633334,0.059008582841203236
2021-06-21 23:59:59,260,Aave,AAVE,275.37700258,206.41473557,272.91656631,212.98946504,406497830.33,2726354239.2,-0.22124327868094074,272.87677549714283,327.8952982166667,0.09488040730458876
2021-06-22 23:59:59,261,Aave,AAVE,222.89176774,171.37597814,212.55765704,205.75170322,589171952.09,2633899991.85,-0.03398178317711975,256.5902628542857,324.917380686,0.09203170565046039
2021-06-23 23:59:59,262,Aave,AAVE,229.66437827,198.02488783,206.02714143,214.09076815,399527615.44,2740670233.57,0.04052974920496033,245.70772929285712,319.201352687,0.09710913169745768
2021-06-24 23:59:59,263,Aave,AAVE,217.90640324,193.35413113,207.66013749,210.85982427,256051017.16,2699309497.69,-0.0150914675486441,233.9856147842857,313.850672172,0.0955676366679537
2021-06-25 23:59:59,264,Aave,AAVE,214.82974679,185.26866054,211.19505998,187.16875432,256442078.2,2400468190.85,-0.11235459401533143,222.95942342285716,306.258532467,0.09716817195194333
2021-06-26 23:59:59,265,Aave,AAVE,193.11671511,176.7812784,187.06783399,186.97187502,224175853.69,2397984006.42,-0.0010518812326090199,213.04739289000003,300.15832458799997,0.09845713383435929
2021-06-27 23:59:59,266,Aave,AAVE,202.72034388,183.51706359,187.30900231,202.67640068,250757136.21,2599445021.94,0.08399405342819666,202.92982724285713,296.23483288066666,0.1016986385980545
2021-06-28 23:59:59,267,Aave,AAVE,232.83439489,200.8225861,202.76131387,226.37249247,340029039.59,2903823686.72,0.11691589011102033,204.84168830428573,293.8505945636667,0.07690198753735385
2021-06-29 23:59:59,268,Aave,AAVE,252.57564615,226.11815886,226.9977685,236.76587081,374246042.79,3037272383.02,0.04591272652695366,209.27228367428572,290.9045102873333,0.07496934430680731
2021-06-30 23:59:59,269,Aave,AAVE,252.12111627,220.08141214,238.11912654,250.38549399,363669939.71,3212200185.37,0.05752359127354745,214.45724450857142,286.48124641233335,0.0759124092750462
2021-07-01 23:59:59,270,Aave,AAVE,251.97441164,227.69141894,250.71043776,231.62636199,330715116.19,2971685384.78,-0.07492100161660808,217.42389275428573,281.773043102,0.08411913949843043
2021-07-02 23:59:59,271,Aave,AAVE,234.4839565,215.95153937,230.81411855,233.94843657,256639522.76,3001542331.19,0.010025087645681108,224.10670450428572,276.75790129066667,0.06289795349363156
2021-07-03 23:59:59,272,Aave,AAVE,265.10734206,228.48520593,234.20847812,259.65522529,385377799.45,3331546057.4,0.1098822847328933,234.49004025714285,272.16314385333334,0.06645263590167794
2021-07-04 23:59:59,273,Aave,AAVE,289.00112414,248.28549084,259.39942603,277.03879166,427571943.31,3555054096.37,0.06694864834930603,245.11323896857144,268.93501589733336,0.06529755127544182
2021-07-05 23:59:59,274,Aave,AAVE,317.38723388,263.43388058,277.11053346,307.8290792,793140860.06,3950268561.44,0.11114070833007328,256.7498942157143,267.3070613213333,0.06430277263443542
2021-07-06 23:59:59,275,Aave,AAVE,346.71478017,307.99752532,307.99752532,316.89850739,988705452.84,4066775915.02,0.029462545298092113,268.1974137271429,265.681677117,0.06463372145753654
